document.id,topic.id,method,score
3501,4.99,exact-match,0.0
3501,4.752,exact-match,0.0
3501,4.571,exact-match,0.0
3501,4.53,exact-match,0.0
3501,4.41,exact-match,0.0
3501,4.339,exact-match,0.0
3501,4.361,exact-match,0.0
3501,4.421,exact-match,0.0
3501,4.520,exact-match,0.0
3501,4.312,exact-match,0.0
3501,4.198,exact-match,0.0
3501,4.28,exact-match,0.0
3501,4.161,exact-match,0.0
3501,4.291,exact-match,0.0
3501,4.616,exact-match,0.0
3501,4.736,exact-match,0.0
3501,4.175,exact-match,0.0
3501,4.435,exact-match,0.0
3501,4.200,exact-match,0.0
3501,4.218,exact-match,0.0
3501,4.221,exact-match,0.0
3501,4.439,exact-match,0.0
3501,4.757,exact-match,0.0
3501,4.277,exact-match,0.0
3501,4.469,exact-match,0.0
3501,4.772,exact-match,0.0
3501,4.744,exact-match,0.0
3501,4.363,exact-match,0.0
3501,4.207,exact-match,0.0
3501,4.632,exact-match,0.0
3501,4.285,exact-match,0.0
3501,4.623,exact-match,0.0
3501,4.432,exact-match,0.0
3501,4.470,exact-match,0.0
3501,4.22,exact-match,0.0
3501,4.68,exact-match,0.0
3501,4.9,exact-match,0.0
3501,4.338,exact-match,0.0
3501,4.306,exact-match,0.0
3501,4.629,exact-match,0.0
3501,4.407,exact-match,0.0
3501,4.536,exact-match,0.0
3501,4.335,exact-match,0.0
3501,4.699,exact-match,0.0
3501,4.557,exact-match,0.0
3501,4.170,exact-match,0.0
3501,4.405,exact-match,0.0
3501,4.684,exact-match,0.0
3501,4.814,exact-match,0.0
3501,4.613,exact-match,0.0
3511,4.499,exact-match,0.0
3511,4.141,exact-match,0.0
3511,4.515,exact-match,0.0
3511,4.175,exact-match,0.0
3511,4.277,exact-match,0.0
3511,4.354,exact-match,0.0
3511,4.262,exact-match,0.0
3511,4.514,exact-match,0.0
3511,4.419,exact-match,0.0
3511,4.630,exact-match,0.0
3511,4.96,exact-match,0.0
3511,4.20,exact-match,0.0
3511,4.570,exact-match,0.0
3511,4.459,exact-match,0.0
3511,4.562,exact-match,0.0
3511,4.329,exact-match,0.0
3511,4.607,exact-match,0.0
3511,4.124,exact-match,0.0
3511,4.743,exact-match,0.0
3511,4.759,exact-match,0.0
3511,4.302,exact-match,0.0
3511,4.581,exact-match,0.0
3511,4.98,exact-match,0.0
3511,4.437,exact-match,0.0
3511,4.438,exact-match,0.0
3511,4.347,exact-match,0.0
3511,4.433,exact-match,0.0
3511,4.531,exact-match,0.0
3511,4.815,exact-match,0.0
3511,4.59,exact-match,0.0
3511,4.60,exact-match,0.0
3511,4.522,exact-match,0.0
3511,4.123,exact-match,0.0
3511,4.782,exact-match,0.0
3511,4.57,exact-match,0.0
3511,4.687,exact-match,0.0
3511,4.736,exact-match,0.0
3511,4.61,exact-match,0.0
3511,4.122,exact-match,0.0
3511,4.58,exact-match,0.0
3511,4.481,exact-match,0.0
3511,4.375,exact-match,0.0
3511,4.537,exact-match,0.0
3511,4.55,exact-match,0.0
3511,4.513,exact-match,0.0
3511,4.241,exact-match,0.0
3511,4.12,exact-match,0.0
3511,4.642,exact-match,0.0
3511,4.356,exact-match,0.0
3511,4.555,exact-match,0.0
3521,4.180,exact-match,0.0
3521,4.55,exact-match,0.0
3521,4.241,exact-match,0.0
3521,4.555,exact-match,0.0
3521,4.375,exact-match,0.0
3521,4.533,exact-match,0.0
3521,4.755,exact-match,0.0
3521,4.743,exact-match,0.0
3521,4.15,exact-match,0.0
3521,4.354,exact-match,0.0
3521,4.757,exact-match,0.0
3521,4.724,exact-match,0.0
3521,4.255,exact-match,0.0
3521,4.481,exact-match,0.0
3521,4.274,exact-match,0.0
3521,4.200,exact-match,0.0
3521,4.324,exact-match,0.0
3521,4.337,exact-match,0.0
3521,4.800,exact-match,0.0
3521,4.335,exact-match,0.0
3521,4.334,exact-match,0.0
3521,4.216,exact-match,0.0
3521,4.122,exact-match,0.0
3521,4.536,exact-match,0.0
3521,4.677,exact-match,0.0
3521,4.537,exact-match,0.0
3521,4.175,exact-match,0.0
3521,4.619,exact-match,0.0
3521,4.433,exact-match,0.0
3521,4.815,exact-match,0.0
3521,4.531,exact-match,0.0
3521,4.736,exact-match,0.0
3521,4.782,exact-match,0.0
3521,4.687,exact-match,0.0
3521,4.437,exact-match,0.0
3521,4.630,exact-match,0.0
3521,4.12,exact-match,0.0
3521,4.438,exact-match,0.0
3521,4.522,exact-match,0.0
3521,4.98,exact-match,0.0
3521,4.60,exact-match,0.0
3521,4.57,exact-match,0.0
3521,4.356,exact-match,0.0
3521,4.61,exact-match,0.0
3521,4.123,exact-match,0.0
3521,4.96,exact-match,0.0
3521,4.59,exact-match,0.0
3521,4.642,exact-match,0.0
3521,4.499,exact-match,0.0
3521,4.426,exact-match,0.0
3541,4.207,exact-match,0.0
3541,4.362,exact-match,0.0
3541,4.16,exact-match,0.0
3541,4.286,exact-match,0.0
3541,4.365,exact-match,0.0
3541,4.507,exact-match,0.0
3541,4.306,exact-match,0.0
3541,4.561,exact-match,0.0
3541,4.719,exact-match,0.0
3541,4.285,exact-match,0.0
3541,4.488,exact-match,0.0
3541,4.470,exact-match,0.0
3541,4.167,exact-match,0.0
3541,4.320,exact-match,0.0
3541,4.99,exact-match,0.0
3541,4.640,exact-match,0.0
3541,4.489,exact-match,0.0
3541,4.556,exact-match,0.0
3541,4.534,exact-match,0.0
3541,4.112,exact-match,0.0
3541,4.18,exact-match,0.0
3541,4.632,exact-match,0.0
3541,4.358,exact-match,0.0
3541,4.592,exact-match,0.0
3541,4.683,exact-match,0.0
3541,4.34,exact-match,0.0
3541,4.364,exact-match,0.0
3541,4.393,exact-match,0.0
3541,4.699,exact-match,0.0
3541,4.679,exact-match,0.0
3541,4.571,exact-match,0.0
3541,4.297,exact-match,0.0
3541,4.669,exact-match,0.0
3541,4.251,exact-match,0.0
3541,4.638,exact-match,0.0
3541,4.10,exact-match,0.0
3541,4.294,exact-match,0.0
3541,4.540,exact-match,0.0
3541,4.820,exact-match,0.0
3541,4.363,exact-match,0.0
3541,4.446,exact-match,0.0
3541,4.166,exact-match,0.0
3541,4.43,exact-match,0.0
3541,4.317,exact-match,0.0
3541,4.85,exact-match,0.0
3541,4.487,exact-match,0.0
3541,4.801,exact-match,0.0
3541,4.331,exact-match,0.0
3541,4.573,exact-match,0.0
3541,4.541,exact-match,0.0
3551,4.499,exact-match,0.0
3551,4.731,exact-match,0.0
3551,4.24,exact-match,0.0
3551,4.198,exact-match,0.0
3551,4.161,exact-match,0.0
3551,4.772,exact-match,0.0
3551,4.312,exact-match,0.0
3551,4.520,exact-match,0.0
3551,4.815,exact-match,0.0
3551,4.426,exact-match,0.0
3551,4.98,exact-match,0.0
3551,4.53,exact-match,0.0
3551,4.438,exact-match,0.0
3551,4.12,exact-match,0.0
3551,4.630,exact-match,0.0
3551,4.339,exact-match,0.0
3551,4.439,exact-match,0.0
3551,4.736,exact-match,0.0
3551,4.522,exact-match,0.0
3551,4.519,exact-match,0.0
3551,4.782,exact-match,0.0
3551,4.433,exact-match,0.0
3551,4.531,exact-match,0.0
3551,4.170,exact-match,0.0
3551,4.814,exact-match,0.0
3551,4.306,exact-match,0.0
3551,4.619,exact-match,0.0
3551,4.99,exact-match,0.0
3551,4.207,exact-match,0.0
3551,4.632,exact-match,0.0
3551,4.285,exact-match,0.0
3551,4.22,exact-match,0.0
3551,4.407,exact-match,0.0
3551,4.629,exact-match,0.0
3551,4.470,exact-match,0.0
3551,4.432,exact-match,0.0
3551,4.623,exact-match,0.0
3551,4.68,exact-match,0.0
3551,4.684,exact-match,0.0
3551,4.9,exact-match,0.0
3551,4.536,exact-match,0.0
3551,4.613,exact-match,0.0
3551,4.23,exact-match,0.0
3551,4.393,exact-match,0.0
3551,4.469,exact-match,0.0
3551,4.405,exact-match,0.0
3551,4.699,exact-match,0.0
3551,4.571,exact-match,0.0
3551,4.338,exact-match,0.0
3551,4.41,exact-match,0.0
3561,4.0,exact-match,0.0
3561,4.338,exact-match,0.0
3561,4.721,exact-match,0.0
3561,4.200,exact-match,0.0
3561,4.643,exact-match,0.0
3561,4.757,exact-match,0.0
3561,4.219,exact-match,0.0
3561,4.598,exact-match,0.0
3561,4.756,exact-match,0.0
3561,4.449,exact-match,0.0
3561,4.752,exact-match,0.0
3561,4.571,exact-match,0.0
3561,4.221,exact-match,0.0
3561,4.218,exact-match,0.0
3561,4.299,exact-match,0.0
3561,4.456,exact-match,0.0
3561,4.207,exact-match,0.0
3561,4.611,exact-match,0.0
3561,4.532,exact-match,0.0
3561,4.297,exact-match,0.0
3561,4.355,exact-match,0.0
3561,4.619,exact-match,0.0
3561,4.184,exact-match,0.0
3561,4.435,exact-match,0.0
3561,4.337,exact-match,0.0
3561,4.95,exact-match,0.0
3561,4.401,exact-match,0.0
3561,4.44,exact-match,0.0
3561,4.175,exact-match,0.0
3561,4.616,exact-match,0.0
3561,4.53,exact-match,0.0
3561,4.399,exact-match,0.0
3561,4.644,exact-match,0.0
3561,4.439,exact-match,0.0
3561,4.613,exact-match,0.0
3561,4.765,exact-match,0.0
3561,4.731,exact-match,0.0
3561,4.400,exact-match,0.0
3561,4.9,exact-match,0.0
3561,4.590,exact-match,0.0
3561,4.800,exact-match,0.0
3561,4.814,exact-match,0.0
3561,4.140,exact-match,0.0
3561,4.187,exact-match,0.0
3561,4.557,exact-match,0.0
3561,4.335,exact-match,0.0
3561,4.393,exact-match,0.0
3561,4.699,exact-match,0.0
3561,4.583,exact-match,0.0
3561,4.226,exact-match,0.0
3571,4.611,exact-match,0.0
3571,4.98,exact-match,0.0
3571,4.175,exact-match,0.0
3571,4.426,exact-match,0.0
3571,4.170,exact-match,0.0
3571,4.433,exact-match,0.0
3571,4.41,exact-match,0.0
3571,4.23,exact-match,0.0
3571,4.161,exact-match,0.0
3571,4.619,exact-match,0.0
3571,4.520,exact-match,0.0
3571,4.557,exact-match,0.0
3571,4.536,exact-match,0.0
3571,4.772,exact-match,0.0
3571,4.198,exact-match,0.0
3571,4.630,exact-match,0.0
3571,4.438,exact-match,0.0
3571,4.12,exact-match,0.0
3571,4.531,exact-match,0.0
3571,4.469,exact-match,0.0
3571,4.656,exact-match,0.0
3571,4.401,exact-match,0.0
3571,4.226,exact-match,0.0
3571,4.312,exact-match,0.0
3571,4.499,exact-match,0.0
3571,4.285,exact-match,0.0
3571,4.814,exact-match,0.0
3571,4.207,exact-match,0.0
3571,4.99,exact-match,0.0
3571,4.306,exact-match,0.0
3571,4.9,exact-match,0.0
3571,4.338,exact-match,0.0
3571,4.571,exact-match,0.0
3571,4.699,exact-match,0.0
3571,4.407,exact-match,0.0
3571,4.632,exact-match,0.0
3571,4.393,exact-match,0.0
3571,4.629,exact-match,0.0
3571,4.400,exact-match,0.0
3571,4.53,exact-match,0.0
3571,4.22,exact-match,0.0
3571,4.731,exact-match,0.0
3571,4.684,exact-match,0.0
3571,4.68,exact-match,0.0
3571,4.470,exact-match,0.0
3571,4.432,exact-match,0.0
3571,4.439,exact-match,0.0
3571,4.623,exact-match,0.0
3571,4.405,exact-match,0.0
3571,4.613,exact-match,0.0
3581,4.520,exact-match,0.0
3581,4.772,exact-match,0.0
3581,4.198,exact-match,0.0
3581,4.161,exact-match,0.0
3581,4.396,exact-match,0.0
3581,4.28,exact-match,0.0
3581,4.170,exact-match,0.0
3581,4.393,exact-match,0.0
3581,4.395,exact-match,0.0
3581,4.321,exact-match,0.0
3581,4.312,exact-match,0.0
3581,4.426,exact-match,0.0
3581,4.401,exact-match,0.0
3581,4.338,exact-match,0.0
3581,4.41,exact-match,0.0
3581,4.400,exact-match,0.0
3581,4.699,exact-match,0.0
3581,4.339,exact-match,0.0
3581,4.438,exact-match,0.0
3581,4.604,exact-match,0.0
3581,4.583,exact-match,0.0
3581,4.456,exact-match,0.0
3581,4.24,exact-match,0.0
3581,4.449,exact-match,0.0
3581,4.528,exact-match,0.0
3581,4.814,exact-match,0.0
3581,4.207,exact-match,0.0
3581,4.571,exact-match,0.0
3581,4.99,exact-match,0.0
3581,4.306,exact-match,0.0
3581,4.632,exact-match,0.0
3581,4.407,exact-match,0.0
3581,4.9,exact-match,0.0
3581,4.285,exact-match,0.0
3581,4.629,exact-match,0.0
3581,4.731,exact-match,0.0
3581,4.470,exact-match,0.0
3581,4.68,exact-match,0.0
3581,4.22,exact-match,0.0
3581,4.23,exact-match,0.0
3581,4.756,exact-match,0.0
3581,4.684,exact-match,0.0
3581,4.656,exact-match,0.0
3581,4.445,exact-match,0.0
3581,4.439,exact-match,0.0
3581,4.469,exact-match,0.0
3581,4.613,exact-match,0.0
3581,4.405,exact-match,0.0
3581,4.623,exact-match,0.0
3581,4.432,exact-match,0.0
3591,4.421,exact-match,0.0
3591,4.611,exact-match,0.0
3591,4.41,exact-match,0.0
3591,4.103,exact-match,0.0
3591,4.417,exact-match,0.0
3591,4.226,exact-match,0.0
3591,4.23,exact-match,0.0
3591,4.704,exact-match,0.0
3591,4.731,exact-match,0.0
3591,4.170,exact-match,0.0
3591,4.772,exact-match,0.0
3591,4.536,exact-match,0.0
3591,4.161,exact-match,0.0
3591,4.312,exact-match,0.0
3591,4.198,exact-match,0.0
3591,4.519,exact-match,0.0
3591,4.439,exact-match,0.0
3591,4.395,exact-match,0.0
3591,4.469,exact-match,0.0
3591,4.613,exact-match,0.0
3591,4.736,exact-match,0.0
3591,4.98,exact-match,0.0
3591,4.68,exact-match,0.0
3591,4.520,exact-match,0.0
3591,4.339,exact-match,0.0
3591,4.407,exact-match,0.0
3591,4.470,exact-match,0.0
3591,4.623,exact-match,0.0
3591,4.207,exact-match,0.0
3591,4.338,exact-match,0.0
3591,4.699,exact-match,0.0
3591,4.99,exact-match,0.0
3591,4.393,exact-match,0.0
3591,4.306,exact-match,0.0
3591,4.629,exact-match,0.0
3591,4.684,exact-match,0.0
3591,4.9,exact-match,0.0
3591,4.756,exact-match,0.0
3591,4.571,exact-match,0.0
3591,4.285,exact-match,0.0
3591,4.656,exact-match,0.0
3591,4.423,exact-match,0.0
3591,4.528,exact-match,0.0
3591,4.22,exact-match,0.0
3591,4.432,exact-match,0.0
3591,4.632,exact-match,0.0
3591,4.405,exact-match,0.0
3591,4.744,exact-match,0.0
3591,4.445,exact-match,0.0
3591,4.28,exact-match,0.0
3601,4.815,exact-match,0.0
3601,4.439,exact-match,0.0
3601,4.426,exact-match,0.0
3601,4.285,exact-match,0.0
3601,4.369,exact-match,0.0
3601,4.619,exact-match,0.0
3601,4.396,exact-match,0.0
3601,4.229,exact-match,0.0
3601,4.433,exact-match,0.0
3601,4.98,exact-match,0.0
3601,4.611,exact-match,0.0
3601,4.519,exact-match,0.0
3601,4.499,exact-match,0.0
3601,4.438,exact-match,0.0
3601,4.629,exact-match,0.0
3601,4.434,exact-match,0.0
3601,4.535,exact-match,0.0
3601,4.291,exact-match,0.0
3601,4.475,exact-match,0.0
3601,4.715,exact-match,0.0
3601,4.279,exact-match,0.0
3601,4.120,exact-match,0.0
3601,4.557,exact-match,0.0
3601,4.610,exact-match,0.0
3601,4.0,exact-match,0.0
3601,4.181,exact-match,0.0
3601,4.207,exact-match,0.0
3601,4.744,exact-match,0.0
3601,4.9,exact-match,0.0
3601,4.53,exact-match,0.0
3601,4.28,exact-match,0.0
3601,4.571,exact-match,0.0
3601,4.306,exact-match,0.0
3601,4.339,exact-match,0.0
3601,4.684,exact-match,0.0
3601,4.531,exact-match,0.0
3601,4.522,exact-match,0.0
3601,4.175,exact-match,0.0
3601,4.756,exact-match,0.0
3601,4.528,exact-match,0.0
3601,4.395,exact-match,0.0
3601,4.393,exact-match,0.0
3601,4.405,exact-match,0.0
3601,4.378,exact-match,0.0
3601,4.536,exact-match,0.0
3601,4.407,exact-match,0.0
3601,4.456,exact-match,0.0
3601,4.12,exact-match,0.0
3601,4.90,exact-match,0.0
3601,4.99,exact-match,0.0
3611,4.684,exact-match,0.0
3611,4.814,exact-match,0.0
3611,4.557,exact-match,0.0
3611,4.291,exact-match,0.0
3611,4.755,exact-match,0.0
3611,4.643,exact-match,0.0
3611,4.641,exact-match,0.0
3611,4.757,exact-match,0.0
3611,4.321,exact-match,0.0
3611,4.748,exact-match,0.0
3611,4.352,exact-match,0.0
3611,4.161,exact-match,0.0
3611,4.401,exact-match,0.0
3611,4.520,exact-match,0.0
3611,4.198,exact-match,0.0
3611,4.772,exact-match,0.0
3611,4.519,exact-match,0.0
3611,4.312,exact-match,0.0
3611,4.34,exact-match,0.0
3611,4.103,exact-match,0.0
3611,4.438,exact-match,0.0
3611,4.175,exact-match,0.0
3611,4.170,exact-match,0.0
3611,4.638,exact-match,0.0
3611,4.99,exact-match,0.0
3611,4.629,exact-match,0.0
3611,4.9,exact-match,0.0
3611,4.335,exact-match,0.0
3611,4.435,exact-match,0.0
3611,4.571,exact-match,0.0
3611,4.200,exact-match,0.0
3611,4.338,exact-match,0.0
3611,4.337,exact-match,0.0
3611,4.750,exact-match,0.0
3611,4.536,exact-match,0.0
3611,4.619,exact-match,0.0
3611,4.400,exact-match,0.0
3611,4.439,exact-match,0.0
3611,4.744,exact-match,0.0
3611,4.426,exact-match,0.0
3611,4.53,exact-match,0.0
3611,4.393,exact-match,0.0
3611,4.752,exact-match,0.0
3611,4.221,exact-match,0.0
3611,4.407,exact-match,0.0
3611,4.218,exact-match,0.0
3611,4.613,exact-match,0.0
3611,4.731,exact-match,0.0
3611,4.207,exact-match,0.0
3611,4.699,exact-match,0.0
3621,4.571,exact-match,0.0
3621,4.613,exact-match,0.0
3621,4.717,exact-match,0.0
3621,4.417,exact-match,0.0
3621,4.619,exact-match,0.0
3621,4.423,exact-match,0.0
3621,4.643,exact-match,0.0
3621,4.407,exact-match,0.0
3621,4.684,exact-match,0.0
3621,4.175,exact-match,0.0
3621,4.41,exact-match,0.0
3621,4.699,exact-match,0.0
3621,4.485,exact-match,0.0
3621,4.426,exact-match,0.0
3621,4.103,exact-match,0.0
3621,4.393,exact-match,0.0
3621,4.338,exact-match,0.0
3621,4.745,exact-match,0.0
3621,4.279,exact-match,0.0
3621,4.616,exact-match,0.0
3621,4.721,exact-match,0.0
3621,4.771,exact-match,0.0
3621,4.469,exact-match,0.0
3621,4.449,exact-match,0.0
3621,4.453,exact-match,0.0
3621,4.629,exact-match,0.0
3621,4.352,exact-match,0.0
3621,4.24,exact-match,0.0
3621,4.207,exact-match,0.0
3621,4.22,exact-match,0.0
3621,4.306,exact-match,0.0
3621,4.99,exact-match,0.0
3621,4.632,exact-match,0.0
3621,4.285,exact-match,0.0
3621,4.23,exact-match,0.0
3621,4.9,exact-match,0.0
3621,4.744,exact-match,0.0
3621,4.470,exact-match,0.0
3621,4.68,exact-match,0.0
3621,4.704,exact-match,0.0
3621,4.757,exact-match,0.0
3621,4.557,exact-match,0.0
3621,4.623,exact-match,0.0
3621,4.140,exact-match,0.0
3621,4.405,exact-match,0.0
3621,4.53,exact-match,0.0
3621,4.536,exact-match,0.0
3621,4.321,exact-match,0.0
3621,4.432,exact-match,0.0
3621,4.90,exact-match,0.0
3631,4.499,exact-match,0.0
3631,4.438,exact-match,0.0
3631,4.771,exact-match,0.0
3631,4.170,exact-match,0.0
3631,4.28,exact-match,0.0
3631,4.198,exact-match,0.0
3631,4.9,exact-match,0.0
3631,4.611,exact-match,0.0
3631,4.183,exact-match,0.0
3631,4.239,exact-match,0.0
3631,4.745,exact-match,0.0
3631,4.502,exact-match,0.0
3631,4.12,exact-match,0.0
3631,4.44,exact-match,0.0
3631,4.136,exact-match,0.0
3631,4.142,exact-match,0.0
3631,4.633,exact-match,0.0
3631,4.497,exact-match,0.0
3631,4.187,exact-match,0.0
3631,4.484,exact-match,0.0
3631,4.391,exact-match,0.0
3631,4.474,exact-match,0.0
3631,4.338,exact-match,0.0
3631,4.630,exact-match,0.0
3631,4.393,exact-match,0.0
3631,4.687,exact-match,0.0
3631,4.96,exact-match,0.0
3631,4.407,exact-match,0.0
3631,4.629,exact-match,0.0
3631,4.99,exact-match,0.0
3631,4.306,exact-match,0.0
3631,4.684,exact-match,0.0
3631,4.312,exact-match,0.0
3631,4.161,exact-match,0.0
3631,4.772,exact-match,0.0
3631,4.520,exact-match,0.0
3631,4.800,exact-match,0.0
3631,4.274,exact-match,0.0
3631,4.699,exact-match,0.0
3631,4.522,exact-match,0.0
3631,4.736,exact-match,0.0
3631,4.782,exact-match,0.0
3631,4.360,exact-match,0.0
3631,4.329,exact-match,0.0
3631,4.531,exact-match,0.0
3631,4.433,exact-match,0.0
3631,4.815,exact-match,0.0
3631,4.437,exact-match,0.0
3631,4.536,exact-match,0.0
3631,4.532,exact-match,0.0
3641,4.95,exact-match,0.0
3641,4.335,exact-match,0.0
3641,4.542,exact-match,0.0
3641,4.611,exact-match,0.0
3641,4.800,exact-match,0.0
3641,4.230,exact-match,0.0
3641,4.613,exact-match,0.0
3641,4.401,exact-match,0.0
3641,4.339,exact-match,0.0
3641,4.757,exact-match,0.0
3641,4.629,exact-match,0.0
3641,4.721,exact-match,0.0
3641,4.337,exact-match,0.0
3641,4.44,exact-match,0.0
3641,4.400,exact-match,0.0
3641,4.200,exact-match,0.0
3641,4.616,exact-match,0.0
3641,4.291,exact-match,0.0
3641,4.415,exact-match,0.0
3641,4.423,exact-match,0.0
3641,4.360,exact-match,0.0
3641,4.722,exact-match,0.0
3641,4.103,exact-match,0.0
3641,4.140,exact-match,0.0
3641,4.643,exact-match,0.0
3641,4.528,exact-match,0.0
3641,4.395,exact-match,0.0
3641,4.756,exact-match,0.0
3641,4.449,exact-match,0.0
3641,4.571,exact-match,0.0
3641,4.207,exact-match,0.0
3641,4.456,exact-match,0.0
3641,4.699,exact-match,0.0
3641,4.399,exact-match,0.0
3641,4.393,exact-match,0.0
3641,4.439,exact-match,0.0
3641,4.0,exact-match,0.0
3641,4.9,exact-match,0.0
3641,4.583,exact-match,0.0
3641,4.604,exact-match,0.0
3641,4.355,exact-match,0.0
3641,4.338,exact-match,0.0
3641,4.644,exact-match,0.0
3641,4.557,exact-match,0.0
3641,4.195,exact-match,0.0
3641,4.407,exact-match,0.0
3641,4.731,exact-match,0.0
3641,4.445,exact-match,0.0
3641,4.656,exact-match,0.0
3641,4.226,exact-match,0.0
3651,4.405,exact-match,0.0
3651,4.12,exact-match,0.0
3651,4.294,exact-match,0.0
3651,4.34,exact-match,0.0
3651,4.725,exact-match,0.0
3651,4.641,exact-match,0.0
3651,4.528,exact-match,0.0
3651,4.519,exact-match,0.0
3651,4.445,exact-match,0.0
3651,4.426,exact-match,0.0
3651,4.670,exact-match,0.0
3651,4.438,exact-match,0.0
3651,4.312,exact-match,0.0
3651,4.499,exact-match,0.0
3651,4.520,exact-match,0.0
3651,4.339,exact-match,0.0
3651,4.161,exact-match,0.0
3651,4.531,exact-match,0.0
3651,4.656,exact-match,0.0
3651,4.772,exact-match,0.0
3651,4.522,exact-match,0.0
3651,4.226,exact-match,0.0
3651,4.175,exact-match,0.0
3651,4.536,exact-match,0.0
3651,4.433,exact-match,0.0
3651,4.407,exact-match,0.0
3651,4.68,exact-match,0.0
3651,4.207,exact-match,0.0
3651,4.571,exact-match,0.0
3651,4.306,exact-match,0.0
3651,4.99,exact-match,0.0
3651,4.393,exact-match,0.0
3651,4.699,exact-match,0.0
3651,4.400,exact-match,0.0
3651,4.629,exact-match,0.0
3651,4.9,exact-match,0.0
3651,4.684,exact-match,0.0
3651,4.338,exact-match,0.0
3651,4.632,exact-match,0.0
3651,4.285,exact-match,0.0
3651,4.563,exact-match,0.0
3651,4.432,exact-match,0.0
3651,4.638,exact-match,0.0
3651,4.470,exact-match,0.0
3651,4.623,exact-match,0.0
3651,4.439,exact-match,0.0
3651,4.22,exact-match,0.0
3651,4.731,exact-match,0.0
3651,4.53,exact-match,0.0
3651,4.613,exact-match,0.0
3661,4.814,exact-match,0.0
3661,4.9,exact-match,0.0
3661,4.613,exact-match,0.0
3661,4.590,exact-match,0.0
3661,4.784,exact-match,0.0
3661,4.306,exact-match,0.0
3661,4.338,exact-match,0.0
3661,4.226,exact-match,0.0
3661,4.235,exact-match,0.0
3661,4.400,exact-match,0.0
3661,4.731,exact-match,0.0
3661,4.236,exact-match,0.0
3661,4.791,exact-match,0.0
3661,4.800,exact-match,0.0
3661,4.274,exact-match,0.0
3661,4.180,exact-match,0.0
3661,4.789,exact-match,0.0
3661,4.571,exact-match,0.0
3661,4.542,exact-match,0.0
3661,4.533,exact-match,0.0
3661,4.255,exact-match,0.0
3661,4.439,exact-match,0.0
3661,4.259,exact-match,0.0
3661,4.99,exact-match,0.0
3661,4.559,exact-match,0.0
3661,4.237,exact-match,0.0
3661,4.263,exact-match,0.0
3661,4.433,exact-match,0.0
3661,4.437,exact-match,0.0
3661,4.531,exact-match,0.0
3661,4.499,exact-match,0.0
3661,4.736,exact-match,0.0
3661,4.782,exact-match,0.0
3661,4.687,exact-match,0.0
3661,4.522,exact-match,0.0
3661,4.438,exact-match,0.0
3661,4.98,exact-match,0.0
3661,4.630,exact-match,0.0
3661,4.815,exact-match,0.0
3661,4.96,exact-match,0.0
3661,4.764,exact-match,0.0
3661,4.611,exact-match,0.0
3661,4.310,exact-match,0.0
3661,4.393,exact-match,0.0
3661,4.311,exact-match,0.0
3661,4.254,exact-match,0.0
3661,4.250,exact-match,0.0
3661,4.699,exact-match,0.0
3661,4.258,exact-match,0.0
3661,4.12,exact-match,0.0
3671,4.161,exact-match,0.0
3671,4.198,exact-match,0.0
3671,4.772,exact-match,0.0
3671,4.312,exact-match,0.0
3671,4.65,exact-match,0.0
3671,4.23,exact-match,0.0
3671,4.405,exact-match,0.0
3671,4.469,exact-match,0.0
3671,4.485,exact-match,0.0
3671,4.520,exact-match,0.0
3671,4.702,exact-match,0.0
3671,4.24,exact-match,0.0
3671,4.727,exact-match,0.0
3671,4.28,exact-match,0.0
3671,4.41,exact-match,0.0
3671,4.527,exact-match,0.0
3671,4.552,exact-match,0.0
3671,4.52,exact-match,0.0
3671,4.307,exact-match,0.0
3671,4.168,exact-match,0.0
3671,4.165,exact-match,0.0
3671,4.391,exact-match,0.0
3671,4.199,exact-match,0.0
3671,4.282,exact-match,0.0
3671,4.210,exact-match,0.0
3671,4.397,exact-match,0.0
3671,4.407,exact-match,0.0
3671,4.629,exact-match,0.0
3671,4.207,exact-match,0.0
3671,4.306,exact-match,0.0
3671,4.99,exact-match,0.0
3671,4.684,exact-match,0.0
3671,4.632,exact-match,0.0
3671,4.285,exact-match,0.0
3671,4.432,exact-match,0.0
3671,4.68,exact-match,0.0
3671,4.22,exact-match,0.0
3671,4.730,exact-match,0.0
3671,4.170,exact-match,0.0
3671,4.745,exact-match,0.0
3671,4.483,exact-match,0.0
3671,4.623,exact-match,0.0
3671,4.771,exact-match,0.0
3671,4.350,exact-match,0.0
3671,4.339,exact-match,0.0
3671,4.136,exact-match,0.0
3671,4.142,exact-match,0.0
3671,4.143,exact-match,0.0
3671,4.609,exact-match,0.0
3671,4.470,exact-match,0.0
3681,4.563,exact-match,0.0
3681,4.725,exact-match,0.0
3681,4.103,exact-match,0.0
3681,4.34,exact-match,0.0
3681,4.519,exact-match,0.0
3681,4.400,exact-match,0.0
3681,4.166,exact-match,0.0
3681,4.638,exact-match,0.0
3681,4.226,exact-match,0.0
3681,4.90,exact-match,0.0
3681,4.387,exact-match,0.0
3681,4.536,exact-match,0.0
3681,4.475,exact-match,0.0
3681,4.541,exact-match,0.0
3681,4.683,exact-match,0.0
3681,4.401,exact-match,0.0
3681,4.717,exact-match,0.0
3681,4.331,exact-match,0.0
3681,4.497,exact-match,0.0
3681,4.651,exact-match,0.0
3681,4.378,exact-match,0.0
3681,4.99,exact-match,0.0
3681,4.446,exact-match,0.0
3681,4.148,exact-match,0.0
3681,4.181,exact-match,0.0
3681,4.314,exact-match,0.0
3681,4.363,exact-match,0.0
3681,4.744,exact-match,0.0
3681,4.319,exact-match,0.0
3681,4.393,exact-match,0.0
3681,4.396,exact-match,0.0
3681,4.571,exact-match,0.0
3681,4.445,exact-match,0.0
3681,4.338,exact-match,0.0
3681,4.538,exact-match,0.0
3681,4.656,exact-match,0.0
3681,4.229,exact-match,0.0
3681,4.147,exact-match,0.0
3681,4.207,exact-match,0.0
3681,4.528,exact-match,0.0
3681,4.699,exact-match,0.0
3681,4.715,exact-match,0.0
3681,4.395,exact-match,0.0
3681,4.613,exact-match,0.0
3681,4.731,exact-match,0.0
3681,4.756,exact-match,0.0
3681,4.42,exact-match,0.0
3681,4.439,exact-match,0.0
3681,4.773,exact-match,0.0
3681,4.9,exact-match,0.0
3691,4.19,exact-match,0.0
3691,4.767,exact-match,0.0
3691,4.297,exact-match,0.0
3691,4.701,exact-match,0.0
3691,4.308,exact-match,0.0
3691,4.219,exact-match,0.0
3691,4.598,exact-match,0.0
3691,4.595,exact-match,0.0
3691,4.589,exact-match,0.0
3691,4.429,exact-match,0.0
3691,4.454,exact-match,0.0
3691,4.127,exact-match,0.0
3691,4.213,exact-match,0.0
3691,4.502,exact-match,0.0
3691,4.474,exact-match,0.0
3691,4.594,exact-match,0.0
3691,4.633,exact-match,0.0
3691,4.17,exact-match,0.0
3691,4.497,exact-match,0.0
3691,4.21,exact-match,0.0
3691,4.817,exact-match,0.0
3691,4.654,exact-match,0.0
3691,4.223,exact-match,0.0
3691,4.306,exact-match,0.0
3691,4.112,exact-match,0.0
3691,4.780,exact-match,0.0
3691,4.744,exact-match,0.0
3691,4.374,exact-match,0.0
3691,4.805,exact-match,0.0
3691,4.153,exact-match,0.0
3691,4.313,exact-match,0.0
3691,4.821,exact-match,0.0
3691,4.615,exact-match,0.0
3691,4.321,exact-match,0.0
3691,4.322,exact-match,0.0
3691,4.53,exact-match,0.0
3691,4.638,exact-match,0.0
3691,4.761,exact-match,0.0
3691,4.175,exact-match,0.0
3691,4.669,exact-match,0.0
3691,4.765,exact-match,0.0
3691,4.294,exact-match,0.0
3691,4.818,exact-match,0.0
3691,4.426,exact-match,0.0
3691,4.597,exact-match,0.0
3691,4.624,exact-match,0.0
3691,4.619,exact-match,0.0
3691,4.586,exact-match,0.0
3691,4.381,exact-match,0.0
3691,4.151,exact-match,0.0
3701,4.650,exact-match,0.0
3701,4.484,exact-match,0.0
3701,4.30,exact-match,0.0
3701,4.486,exact-match,0.0
3701,4.614,exact-match,0.0
3701,4.112,exact-match,0.0
3701,4.366,exact-match,0.0
3701,4.601,exact-match,0.0
3701,4.273,exact-match,0.0
3701,4.222,exact-match,0.0
3701,4.703,exact-match,0.0
3701,4.590,exact-match,0.0
3701,4.774,exact-match,0.0
3701,4.776,exact-match,0.0
3701,4.316,exact-match,0.0
3701,4.388,exact-match,0.0
3701,4.609,exact-match,0.0
3701,4.90,exact-match,0.0
3701,4.9,exact-match,0.0
3701,4.760,exact-match,0.0
3701,4.184,exact-match,0.0
3701,4.589,exact-match,0.0
3701,4.605,exact-match,0.0
3701,4.483,exact-match,0.0
3701,4.717,exact-match,0.0
3701,4.771,exact-match,0.0
3701,4.539,exact-match,0.0
3701,4.619,exact-match,0.0
3701,4.321,exact-match,0.0
3701,4.820,exact-match,0.0
3701,4.439,exact-match,0.0
3701,4.731,exact-match,0.0
3701,4.613,exact-match,0.0
3701,4.387,exact-match,0.0
3701,4.355,exact-match,0.0
3701,4.814,exact-match,0.0
3701,4.120,exact-match,0.0
3701,4.485,exact-match,0.0
3701,4.426,exact-match,0.0
3701,4.211,exact-match,0.0
3701,4.511,exact-match,0.0
3701,4.308,exact-match,0.0
3701,4.289,exact-match,0.0
3701,4.701,exact-match,0.0
3701,4.246,exact-match,0.0
3701,4.396,exact-match,0.0
3701,4.229,exact-match,0.0
3701,4.606,exact-match,0.0
3701,4.745,exact-match,0.0
3701,4.434,exact-match,0.0
3711,4.489,exact-match,0.0
3711,4.144,exact-match,0.0
3711,4.534,exact-match,0.0
3711,4.388,exact-match,0.0
3711,4.135,exact-match,0.0
3711,4.490,exact-match,0.0
3711,4.314,exact-match,0.0
3711,4.393,exact-match,0.0
3711,4.192,exact-match,0.0
3711,4.605,exact-match,0.0
3711,4.316,exact-match,0.0
3711,4.614,exact-match,0.0
3711,4.683,exact-match,0.0
3711,4.640,exact-match,0.0
3711,4.355,exact-match,0.0
3711,4.717,exact-match,0.0
3711,4.366,exact-match,0.0
3711,4.620,exact-match,0.0
3711,4.504,exact-match,0.0
3711,4.137,exact-match,0.0
3711,4.556,exact-match,0.0
3711,4.656,exact-match,0.0
3711,4.802,exact-match,0.0
3711,4.133,exact-match,0.0
3711,4.756,exact-match,0.0
3711,4.45,exact-match,0.0
3711,4.699,exact-match,0.0
3711,4.261,exact-match,0.0
3711,4.229,exact-match,0.0
3711,4.715,exact-match,0.0
3711,4.396,exact-match,0.0
3711,4.90,exact-match,0.0
3711,4.545,exact-match,0.0
3711,4.70,exact-match,0.0
3711,4.475,exact-match,0.0
3711,4.120,exact-match,0.0
3711,4.434,exact-match,0.0
3711,4.387,exact-match,0.0
3711,4.658,exact-match,0.0
3711,4.744,exact-match,0.0
3711,4.279,exact-match,0.0
3711,4.664,exact-match,0.0
3711,4.471,exact-match,0.0
3711,4.758,exact-match,0.0
3711,4.558,exact-match,0.0
3711,4.585,exact-match,0.0
3711,4.233,exact-match,0.0
3711,4.661,exact-match,0.0
3711,4.606,exact-match,0.0
3711,4.214,exact-match,0.0
3721,4.470,exact-match,0.0
3721,4.432,exact-match,0.0
3721,4.623,exact-match,0.0
3721,4.68,exact-match,0.0
3721,4.175,exact-match,0.0
3721,4.632,exact-match,0.0
3721,4.438,exact-match,0.0
3721,4.22,exact-match,0.0
3721,4.12,exact-match,0.0
3721,4.285,exact-match,0.0
3721,4.745,exact-match,0.0
3721,4.27,exact-match,0.0
3721,4.539,exact-match,0.0
3721,4.485,exact-match,0.0
3721,4.568,exact-match,0.0
3721,4.674,exact-match,0.0
3721,4.336,exact-match,0.0
3721,4.657,exact-match,0.0
3721,4.736,exact-match,0.0
3721,4.531,exact-match,0.0
3721,4.522,exact-match,0.0
3721,4.306,exact-match,0.0
3721,4.426,exact-match,0.0
3721,4.483,exact-match,0.0
3721,4.815,exact-match,0.0
3721,4.433,exact-match,0.0
3721,4.324,exact-match,0.0
3721,4.53,exact-match,0.0
3721,4.90,exact-match,0.0
3721,4.536,exact-match,0.0
3721,4.717,exact-match,0.0
3721,4.765,exact-match,0.0
3721,4.613,exact-match,0.0
3721,4.619,exact-match,0.0
3721,4.475,exact-match,0.0
3721,4.279,exact-match,0.0
3721,4.9,exact-match,0.0
3721,4.771,exact-match,0.0
3721,4.216,exact-match,0.0
3721,4.352,exact-match,0.0
3721,4.814,exact-match,0.0
3721,4.610,exact-match,0.0
3721,4.207,exact-match,0.0
3721,4.277,exact-match,0.0
3721,4.499,exact-match,0.0
3721,4.98,exact-match,0.0
3721,4.99,exact-match,0.0
3721,4.630,exact-match,0.0
3721,4.334,exact-match,0.0
3721,4.757,exact-match,0.0
3731,4.53,exact-match,0.0
3731,4.438,exact-match,0.0
3731,4.338,exact-match,0.0
3731,4.752,exact-match,0.0
3731,4.98,exact-match,0.0
3731,4.536,exact-match,0.0
3731,4.393,exact-match,0.0
3731,4.499,exact-match,0.0
3731,4.433,exact-match,0.0
3731,4.699,exact-match,0.0
3731,4.815,exact-match,0.0
3731,4.139,exact-match,0.0
3731,4.23,exact-match,0.0
3731,4.771,exact-match,0.0
3731,4.745,exact-match,0.0
3731,4.628,exact-match,0.0
3731,4.619,exact-match,0.0
3731,4.630,exact-match,0.0
3731,4.24,exact-match,0.0
3731,4.531,exact-match,0.0
3731,4.400,exact-match,0.0
3731,4.339,exact-match,0.0
3731,4.571,exact-match,0.0
3731,4.552,exact-match,0.0
3731,4.307,exact-match,0.0
3731,4.99,exact-match,0.0
3731,4.52,exact-match,0.0
3731,4.306,exact-match,0.0
3731,4.407,exact-match,0.0
3731,4.629,exact-match,0.0
3731,4.684,exact-match,0.0
3731,4.632,exact-match,0.0
3731,4.9,exact-match,0.0
3731,4.405,exact-match,0.0
3731,4.285,exact-match,0.0
3731,4.470,exact-match,0.0
3731,4.22,exact-match,0.0
3731,4.207,exact-match,0.0
3731,4.432,exact-match,0.0
3731,4.68,exact-match,0.0
3731,4.198,exact-match,0.0
3731,4.170,exact-match,0.0
3731,4.772,exact-match,0.0
3731,4.161,exact-match,0.0
3731,4.469,exact-match,0.0
3731,4.520,exact-match,0.0
3731,4.41,exact-match,0.0
3731,4.28,exact-match,0.0
3731,4.623,exact-match,0.0
3731,4.312,exact-match,0.0
3741,4.755,exact-match,0.0
3741,4.137,exact-match,0.0
3741,4.748,exact-match,0.0
3741,4.352,exact-match,0.0
3741,4.557,exact-match,0.0
3741,4.407,exact-match,0.0
3741,4.643,exact-match,0.0
3741,4.629,exact-match,0.0
3741,4.620,exact-match,0.0
3741,4.744,exact-match,0.0
3741,4.684,exact-match,0.0
3741,4.291,exact-match,0.0
3741,4.656,exact-match,0.0
3741,4.421,exact-match,0.0
3741,4.445,exact-match,0.0
3741,4.757,exact-match,0.0
3741,4.671,exact-match,0.0
3741,4.495,exact-match,0.0
3741,4.22,exact-match,0.0
3741,4.68,exact-match,0.0
3741,4.520,exact-match,0.0
3741,4.772,exact-match,0.0
3741,4.161,exact-match,0.0
3741,4.285,exact-match,0.0
3741,4.632,exact-match,0.0
3741,4.571,exact-match,0.0
3741,4.99,exact-match,0.0
3741,4.536,exact-match,0.0
3741,4.200,exact-match,0.0
3741,4.752,exact-match,0.0
3741,4.338,exact-match,0.0
3741,4.335,exact-match,0.0
3741,4.218,exact-match,0.0
3741,4.435,exact-match,0.0
3741,4.221,exact-match,0.0
3741,4.750,exact-match,0.0
3741,4.53,exact-match,0.0
3741,4.699,exact-match,0.0
3741,4.337,exact-match,0.0
3741,4.175,exact-match,0.0
3741,4.619,exact-match,0.0
3741,4.306,exact-match,0.0
3741,4.227,exact-match,0.0
3741,4.426,exact-match,0.0
3741,4.393,exact-match,0.0
3741,4.159,exact-match,0.0
3741,4.41,exact-match,0.0
3741,4.226,exact-match,0.0
3741,4.405,exact-match,0.0
3741,4.207,exact-match,0.0
3751,4.352,exact-match,0.0
3751,4.699,exact-match,0.0
3751,4.426,exact-match,0.0
3751,4.731,exact-match,0.0
3751,4.744,exact-match,0.0
3751,4.814,exact-match,0.0
3751,4.623,exact-match,0.0
3751,4.312,exact-match,0.0
3751,4.393,exact-match,0.0
3751,4.539,exact-match,0.0
3751,4.571,exact-match,0.0
3751,4.519,exact-match,0.0
3751,4.815,exact-match,0.0
3751,4.338,exact-match,0.0
3751,4.401,exact-match,0.0
3751,4.405,exact-match,0.0
3751,4.433,exact-match,0.0
3751,4.485,exact-match,0.0
3751,4.53,exact-match,0.0
3751,4.439,exact-match,0.0
3751,4.400,exact-match,0.0
3751,4.638,exact-match,0.0
3751,4.432,exact-match,0.0
3751,4.531,exact-match,0.0
3751,4.771,exact-match,0.0
3751,4.745,exact-match,0.0
3751,4.757,exact-match,0.0
3751,4.407,exact-match,0.0
3751,4.9,exact-match,0.0
3751,4.306,exact-match,0.0
3751,4.99,exact-match,0.0
3751,4.684,exact-match,0.0
3751,4.632,exact-match,0.0
3751,4.339,exact-match,0.0
3751,4.321,exact-match,0.0
3751,4.207,exact-match,0.0
3751,4.536,exact-match,0.0
3751,4.285,exact-match,0.0
3751,4.629,exact-match,0.0
3751,4.170,exact-match,0.0
3751,4.613,exact-match,0.0
3751,4.68,exact-match,0.0
3751,4.22,exact-match,0.0
3751,4.470,exact-match,0.0
3751,4.520,exact-match,0.0
3751,4.161,exact-match,0.0
3751,4.772,exact-match,0.0
3751,4.198,exact-match,0.0
3751,4.619,exact-match,0.0
3751,4.41,exact-match,0.0
3761,4.28,exact-match,0.0
3761,4.439,exact-match,0.0
3761,4.198,exact-match,0.0
3761,4.400,exact-match,0.0
3761,4.161,exact-match,0.0
3761,4.756,exact-match,0.0
3761,4.339,exact-match,0.0
3761,4.226,exact-match,0.0
3761,4.421,exact-match,0.0
3761,4.312,exact-match,0.0
3761,4.699,exact-match,0.0
3761,4.590,exact-match,0.0
3761,4.9,exact-match,0.0
3761,4.449,exact-match,0.0
3761,4.396,exact-match,0.0
3761,4.433,exact-match,0.0
3761,4.522,exact-match,0.0
3761,4.12,exact-match,0.0
3761,4.229,exact-match,0.0
3761,4.814,exact-match,0.0
3761,4.613,exact-match,0.0
3761,4.520,exact-match,0.0
3761,4.731,exact-match,0.0
3761,4.772,exact-match,0.0
3761,4.789,exact-match,0.0
3761,4.395,exact-match,0.0
3761,4.207,exact-match,0.0
3761,4.22,exact-match,0.0
3761,4.99,exact-match,0.0
3761,4.306,exact-match,0.0
3761,4.432,exact-match,0.0
3761,4.623,exact-match,0.0
3761,4.285,exact-match,0.0
3761,4.23,exact-match,0.0
3761,4.470,exact-match,0.0
3761,4.405,exact-match,0.0
3761,4.68,exact-match,0.0
3761,4.41,exact-match,0.0
3761,4.632,exact-match,0.0
3761,4.469,exact-match,0.0
3761,4.629,exact-match,0.0
3761,4.684,exact-match,0.0
3761,4.393,exact-match,0.0
3761,4.170,exact-match,0.0
3761,4.571,exact-match,0.0
3761,4.24,exact-match,0.0
3761,4.445,exact-match,0.0
3761,4.656,exact-match,0.0
3761,4.528,exact-match,0.0
3761,4.407,exact-match,0.0
3771,4.400,exact-match,0.0
3771,4.623,exact-match,0.0
3771,4.23,exact-match,0.0
3771,4.469,exact-match,0.0
3771,4.628,exact-match,0.0
3771,4.139,exact-match,0.0
3771,4.405,exact-match,0.0
3771,4.9,exact-match,0.0
3771,4.401,exact-match,0.0
3771,4.207,exact-match,0.0
3771,4.814,exact-match,0.0
3771,4.552,exact-match,0.0
3771,4.617,exact-match,0.0
3771,4.415,exact-match,0.0
3771,4.41,exact-match,0.0
3771,4.792,exact-match,0.0
3771,4.339,exact-match,0.0
3771,4.800,exact-match,0.0
3771,4.433,exact-match,0.0
3771,4.98,exact-match,0.0
3771,4.312,exact-match,0.0
3771,4.772,exact-match,0.0
3771,4.432,exact-match,0.0
3771,4.291,exact-match,0.0
3771,4.520,exact-match,0.0
3771,4.68,exact-match,0.0
3771,4.22,exact-match,0.0
3771,4.470,exact-match,0.0
3771,4.136,exact-match,0.0
3771,4.391,exact-match,0.0
3771,4.142,exact-match,0.0
3771,4.282,exact-match,0.0
3771,4.143,exact-match,0.0
3771,4.350,exact-match,0.0
3771,4.730,exact-match,0.0
3771,4.407,exact-match,0.0
3771,4.629,exact-match,0.0
3771,4.28,exact-match,0.0
3771,4.397,exact-match,0.0
3771,4.684,exact-match,0.0
3771,4.99,exact-match,0.0
3771,4.285,exact-match,0.0
3771,4.170,exact-match,0.0
3771,4.524,exact-match,0.0
3771,4.307,exact-match,0.0
3771,4.632,exact-match,0.0
3771,4.333,exact-match,0.0
3771,4.306,exact-match,0.0
3771,4.65,exact-match,0.0
3771,4.52,exact-match,0.0
3781,4.339,exact-match,0.0
3781,4.417,exact-match,0.0
3781,4.41,exact-match,0.0
3781,4.704,exact-match,0.0
3781,4.519,exact-match,0.0
3781,4.469,exact-match,0.0
3781,4.456,exact-match,0.0
3781,4.744,exact-match,0.0
3781,4.28,exact-match,0.0
3781,4.9,exact-match,0.0
3781,4.226,exact-match,0.0
3781,4.421,exact-match,0.0
3781,4.378,exact-match,0.0
3781,4.313,exact-match,0.0
3781,4.90,exact-match,0.0
3781,4.148,exact-match,0.0
3781,4.369,exact-match,0.0
3781,4.228,exact-match,0.0
3781,4.651,exact-match,0.0
3781,4.239,exact-match,0.0
3781,4.604,exact-match,0.0
3781,4.312,exact-match,0.0
3781,4.24,exact-match,0.0
3781,4.103,exact-match,0.0
3781,4.23,exact-match,0.0
3781,4.207,exact-match,0.0
3781,4.623,exact-match,0.0
3781,4.699,exact-match,0.0
3781,4.393,exact-match,0.0
3781,4.338,exact-match,0.0
3781,4.571,exact-match,0.0
3781,4.756,exact-match,0.0
3781,4.445,exact-match,0.0
3781,4.99,exact-match,0.0
3781,4.306,exact-match,0.0
3781,4.528,exact-match,0.0
3781,4.405,exact-match,0.0
3781,4.656,exact-match,0.0
3781,4.407,exact-match,0.0
3781,4.22,exact-match,0.0
3781,4.684,exact-match,0.0
3781,4.629,exact-match,0.0
3781,4.449,exact-match,0.0
3781,4.285,exact-match,0.0
3781,4.395,exact-match,0.0
3781,4.68,exact-match,0.0
3781,4.432,exact-match,0.0
3781,4.470,exact-match,0.0
3781,4.632,exact-match,0.0
3781,4.423,exact-match,0.0
3791,4.745,exact-match,0.0
3791,4.701,exact-match,0.0
3791,4.590,exact-match,0.0
3791,4.744,exact-match,0.0
3791,4.614,exact-match,0.0
3791,4.433,exact-match,0.0
3791,4.308,exact-match,0.0
3791,4.401,exact-match,0.0
3791,4.184,exact-match,0.0
3791,4.722,exact-match,0.0
3791,4.485,exact-match,0.0
3791,4.289,exact-match,0.0
3791,4.771,exact-match,0.0
3791,4.486,exact-match,0.0
3791,4.629,exact-match,0.0
3791,4.12,exact-match,0.0
3791,4.522,exact-match,0.0
3791,4.53,exact-match,0.0
3791,4.407,exact-match,0.0
3791,4.531,exact-match,0.0
3791,4.175,exact-match,0.0
3791,4.610,exact-match,0.0
3791,4.140,exact-match,0.0
3791,4.616,exact-match,0.0
3791,4.484,exact-match,0.0
3791,4.30,exact-match,0.0
3791,4.601,exact-match,0.0
3791,4.9,exact-match,0.0
3791,4.619,exact-match,0.0
3791,4.426,exact-match,0.0
3791,4.814,exact-match,0.0
3791,4.321,exact-match,0.0
3791,4.536,exact-match,0.0
3791,4.120,exact-match,0.0
3791,4.387,exact-match,0.0
3791,4.434,exact-match,0.0
3791,4.606,exact-match,0.0
3791,4.613,exact-match,0.0
3791,4.112,exact-match,0.0
3791,4.355,exact-match,0.0
3791,4.757,exact-match,0.0
3791,4.644,exact-match,0.0
3791,4.352,exact-match,0.0
3791,4.643,exact-match,0.0
3791,4.539,exact-match,0.0
3791,4.439,exact-match,0.0
3791,4.557,exact-match,0.0
3791,4.95,exact-match,0.0
3791,4.731,exact-match,0.0
3791,4.399,exact-match,0.0
3801,4.789,exact-match,0.0
3801,4.619,exact-match,0.0
3801,4.9,exact-match,0.0
3801,4.405,exact-match,0.0
3801,4.96,exact-match,0.0
3801,4.765,exact-match,0.0
3801,4.400,exact-match,0.0
3801,4.787,exact-match,0.0
3801,4.731,exact-match,0.0
3801,4.175,exact-match,0.0
3801,4.98,exact-match,0.0
3801,4.542,exact-match,0.0
3801,4.792,exact-match,0.0
3801,4.788,exact-match,0.0
3801,4.438,exact-match,0.0
3801,4.41,exact-match,0.0
3801,4.590,exact-match,0.0
3801,4.613,exact-match,0.0
3801,4.44,exact-match,0.0
3801,4.790,exact-match,0.0
3801,4.187,exact-match,0.0
3801,4.499,exact-match,0.0
3801,4.306,exact-match,0.0
3801,4.630,exact-match,0.0
3801,4.611,exact-match,0.0
3801,4.207,exact-match,0.0
3801,4.791,exact-match,0.0
3801,4.393,exact-match,0.0
3801,4.226,exact-match,0.0
3801,4.699,exact-match,0.0
3801,4.571,exact-match,0.0
3801,4.338,exact-match,0.0
3801,4.522,exact-match,0.0
3801,4.274,exact-match,0.0
3801,4.433,exact-match,0.0
3801,4.795,exact-match,0.0
3801,4.736,exact-match,0.0
3801,4.687,exact-match,0.0
3801,4.426,exact-match,0.0
3801,4.437,exact-match,0.0
3801,4.782,exact-match,0.0
3801,4.532,exact-match,0.0
3801,4.800,exact-match,0.0
3801,4.815,exact-match,0.0
3801,4.183,exact-match,0.0
3801,4.329,exact-match,0.0
3801,4.12,exact-match,0.0
3801,4.360,exact-match,0.0
3801,4.53,exact-match,0.0
3801,4.531,exact-match,0.0
3811,4.520,exact-match,0.0
3811,4.469,exact-match,0.0
3811,4.752,exact-match,0.0
3811,4.519,exact-match,0.0
3811,4.175,exact-match,0.0
3811,4.814,exact-match,0.0
3811,4.53,exact-match,0.0
3811,4.170,exact-match,0.0
3811,4.226,exact-match,0.0
3811,4.619,exact-match,0.0
3811,4.52,exact-match,0.0
3811,4.28,exact-match,0.0
3811,4.181,exact-match,0.0
3811,4.161,exact-match,0.0
3811,4.772,exact-match,0.0
3811,4.312,exact-match,0.0
3811,4.378,exact-match,0.0
3811,4.611,exact-match,0.0
3811,4.590,exact-match,0.0
3811,4.198,exact-match,0.0
3811,4.227,exact-match,0.0
3811,4.23,exact-match,0.0
3811,4.98,exact-match,0.0
3811,4.307,exact-match,0.0
3811,4.613,exact-match,0.0
3811,4.623,exact-match,0.0
3811,4.401,exact-match,0.0
3811,4.306,exact-match,0.0
3811,4.407,exact-match,0.0
3811,4.207,exact-match,0.0
3811,4.9,exact-match,0.0
3811,4.629,exact-match,0.0
3811,4.684,exact-match,0.0
3811,4.632,exact-match,0.0
3811,4.405,exact-match,0.0
3811,4.571,exact-match,0.0
3811,4.699,exact-match,0.0
3811,4.338,exact-match,0.0
3811,4.99,exact-match,0.0
3811,4.393,exact-match,0.0
3811,4.400,exact-match,0.0
3811,4.439,exact-match,0.0
3811,4.285,exact-match,0.0
3811,4.22,exact-match,0.0
3811,4.470,exact-match,0.0
3811,4.68,exact-match,0.0
3811,4.41,exact-match,0.0
3811,4.432,exact-match,0.0
3811,4.339,exact-match,0.0
3811,4.731,exact-match,0.0
3821,4.439,exact-match,0.0
3821,4.731,exact-match,0.0
3821,4.568,exact-match,0.0
3821,4.158,exact-match,0.0
3821,4.9,exact-match,0.0
3821,4.288,exact-match,0.0
3821,4.336,exact-match,0.0
3821,4.674,exact-match,0.0
3821,4.407,exact-match,0.0
3821,4.613,exact-match,0.0
3821,4.629,exact-match,0.0
3821,4.632,exact-match,0.0
3821,4.684,exact-match,0.0
3821,4.401,exact-match,0.0
3821,4.383,exact-match,0.0
3821,4.22,exact-match,0.0
3821,4.470,exact-match,0.0
3821,4.68,exact-match,0.0
3821,4.623,exact-match,0.0
3821,4.432,exact-match,0.0
3821,4.398,exact-match,0.0
3821,4.644,exact-match,0.0
3821,4.712,exact-match,0.0
3821,4.590,exact-match,0.0
3821,4.390,exact-match,0.0
3821,4.614,exact-match,0.0
3821,4.702,exact-match,0.0
3821,4.475,exact-match,0.0
3821,4.745,exact-match,0.0
3821,4.485,exact-match,0.0
3821,4.486,exact-match,0.0
3821,4.483,exact-match,0.0
3821,4.744,exact-match,0.0
3821,4.99,exact-match,0.0
3821,4.660,exact-match,0.0
3821,4.366,exact-match,0.0
3821,4.737,exact-match,0.0
3821,4.306,exact-match,0.0
3821,4.285,exact-match,0.0
3821,4.384,exact-match,0.0
3821,4.400,exact-match,0.0
3821,4.279,exact-match,0.0
3821,4.207,exact-match,0.0
3821,4.601,exact-match,0.0
3821,4.30,exact-match,0.0
3821,4.585,exact-match,0.0
3821,4.727,exact-match,0.0
3821,4.90,exact-match,0.0
3821,4.816,exact-match,0.0
3821,4.405,exact-match,0.0
3831,4.632,exact-match,0.0
3831,4.585,exact-match,0.0
3831,4.24,exact-match,0.0
3831,4.486,exact-match,0.0
3831,4.445,exact-match,0.0
3831,4.288,exact-match,0.0
3831,4.656,exact-match,0.0
3831,4.684,exact-match,0.0
3831,4.407,exact-match,0.0
3831,4.601,exact-match,0.0
3831,4.629,exact-match,0.0
3831,4.469,exact-match,0.0
3831,4.23,exact-match,0.0
3831,4.279,exact-match,0.0
3831,4.571,exact-match,0.0
3831,4.536,exact-match,0.0
3831,4.30,exact-match,0.0
3831,4.400,exact-match,0.0
3831,4.644,exact-match,0.0
3831,4.396,exact-match,0.0
3831,4.239,exact-match,0.0
3831,4.158,exact-match,0.0
3831,4.148,exact-match,0.0
3831,4.390,exact-match,0.0
3831,4.366,exact-match,0.0
3831,4.744,exact-match,0.0
3831,4.398,exact-match,0.0
3831,4.9,exact-match,0.0
3831,4.306,exact-match,0.0
3831,4.99,exact-match,0.0
3831,4.285,exact-match,0.0
3831,4.207,exact-match,0.0
3831,4.745,exact-match,0.0
3831,4.614,exact-match,0.0
3831,4.483,exact-match,0.0
3831,4.475,exact-match,0.0
3831,4.470,exact-match,0.0
3831,4.432,exact-match,0.0
3831,4.485,exact-match,0.0
3831,4.68,exact-match,0.0
3831,4.623,exact-match,0.0
3831,4.90,exact-match,0.0
3831,4.674,exact-match,0.0
3831,4.568,exact-match,0.0
3831,4.338,exact-match,0.0
3831,4.712,exact-match,0.0
3831,4.393,exact-match,0.0
3831,4.699,exact-match,0.0
3831,4.22,exact-match,0.0
3831,4.336,exact-match,0.0
3841,4.401,exact-match,0.0
3841,4.519,exact-match,0.0
3841,4.395,exact-match,0.0
3841,4.9,exact-match,0.0
3841,4.445,exact-match,0.0
3841,4.28,exact-match,0.0
3841,4.449,exact-match,0.0
3841,4.731,exact-match,0.0
3841,4.814,exact-match,0.0
3841,4.656,exact-match,0.0
3841,4.439,exact-match,0.0
3841,4.52,exact-match,0.0
3841,4.369,exact-match,0.0
3841,4.65,exact-match,0.0
3841,4.400,exact-match,0.0
3841,4.590,exact-match,0.0
3841,4.730,exact-match,0.0
3841,4.744,exact-match,0.0
3841,4.136,exact-match,0.0
3841,4.142,exact-match,0.0
3841,4.499,exact-match,0.0
3841,4.143,exact-match,0.0
3841,4.613,exact-match,0.0
3841,4.397,exact-match,0.0
3841,4.528,exact-match,0.0
3841,4.198,exact-match,0.0
3841,4.772,exact-match,0.0
3841,4.629,exact-match,0.0
3841,4.306,exact-match,0.0
3841,4.99,exact-match,0.0
3841,4.684,exact-match,0.0
3841,4.170,exact-match,0.0
3841,4.350,exact-match,0.0
3841,4.391,exact-match,0.0
3841,4.752,exact-match,0.0
3841,4.207,exact-match,0.0
3841,4.339,exact-match,0.0
3841,4.632,exact-match,0.0
3841,4.407,exact-match,0.0
3841,4.699,exact-match,0.0
3841,4.542,exact-match,0.0
3841,4.338,exact-match,0.0
3841,4.405,exact-match,0.0
3841,4.571,exact-match,0.0
3841,4.226,exact-match,0.0
3841,4.756,exact-match,0.0
3841,4.520,exact-match,0.0
3841,4.161,exact-match,0.0
3841,4.312,exact-match,0.0
3841,4.393,exact-match,0.0
3851,4.748,exact-match,0.0
3851,4.731,exact-match,0.0
3851,4.393,exact-match,0.0
3851,4.699,exact-match,0.0
3851,4.159,exact-match,0.0
3851,4.140,exact-match,0.0
3851,4.641,exact-match,0.0
3851,4.439,exact-match,0.0
3851,4.755,exact-match,0.0
3851,4.291,exact-match,0.0
3851,4.294,exact-match,0.0
3851,4.251,exact-match,0.0
3851,4.308,exact-match,0.0
3851,4.701,exact-match,0.0
3851,4.519,exact-match,0.0
3851,4.563,exact-match,0.0
3851,4.289,exact-match,0.0
3851,4.765,exact-match,0.0
3851,4.219,exact-match,0.0
3851,4.324,exact-match,0.0
3851,4.610,exact-match,0.0
3851,4.539,exact-match,0.0
3851,4.34,exact-match,0.0
3851,4.638,exact-match,0.0
3851,4.598,exact-match,0.0
3851,4.352,exact-match,0.0
3851,4.9,exact-match,0.0
3851,4.536,exact-match,0.0
3851,4.335,exact-match,0.0
3851,4.619,exact-match,0.0
3851,4.337,exact-match,0.0
3851,4.200,exact-match,0.0
3851,4.426,exact-match,0.0
3851,4.435,exact-match,0.0
3851,4.321,exact-match,0.0
3851,4.53,exact-match,0.0
3851,4.643,exact-match,0.0
3851,4.557,exact-match,0.0
3851,4.752,exact-match,0.0
3851,4.744,exact-match,0.0
3851,4.218,exact-match,0.0
3851,4.750,exact-match,0.0
3851,4.757,exact-match,0.0
3851,4.613,exact-match,0.0
3851,4.400,exact-match,0.0
3851,4.571,exact-match,0.0
3851,4.814,exact-match,0.0
3851,4.338,exact-match,0.0
3851,4.175,exact-match,0.0
3851,4.221,exact-match,0.0
3861,4.717,exact-match,0.0
3861,4.399,exact-match,0.0
3861,4.644,exact-match,0.0
3861,4.616,exact-match,0.0
3861,4.571,exact-match,0.0
3861,4.679,exact-match,0.0
3861,4.669,exact-match,0.0
3861,4.297,exact-match,0.0
3861,4.70,exact-match,0.0
3861,4.450,exact-match,0.0
3861,4.279,exact-match,0.0
3861,4.818,exact-match,0.0
3861,4.542,exact-match,0.0
3861,4.539,exact-match,0.0
3861,4.328,exact-match,0.0
3861,4.597,exact-match,0.0
3861,4.685,exact-match,0.0
3861,4.322,exact-match,0.0
3861,4.813,exact-match,0.0
3861,4.359,exact-match,0.0
3861,4.234,exact-match,0.0
3861,4.742,exact-match,0.0
3861,4.314,exact-match,0.0
3861,4.519,exact-match,0.0
3861,4.406,exact-match,0.0
3861,4.184,exact-match,0.0
3861,4.756,exact-match,0.0
3861,4.585,exact-match,0.0
3861,4.744,exact-match,0.0
3861,4.313,exact-match,0.0
3861,4.393,exact-match,0.0
3861,4.207,exact-match,0.0
3861,4.229,exact-match,0.0
3861,4.445,exact-match,0.0
3861,4.528,exact-match,0.0
3861,4.395,exact-match,0.0
3861,4.338,exact-match,0.0
3861,4.699,exact-match,0.0
3861,4.396,exact-match,0.0
3861,4.387,exact-match,0.0
3861,4.120,exact-match,0.0
3861,4.223,exact-match,0.0
3861,4.475,exact-match,0.0
3861,4.715,exact-match,0.0
3861,4.30,exact-match,0.0
3861,4.112,exact-match,0.0
3861,4.656,exact-match,0.0
3861,4.601,exact-match,0.0
3861,4.434,exact-match,0.0
3861,4.90,exact-match,0.0
3871,4.438,exact-match,0.0
3871,4.12,exact-match,0.0
3871,4.590,exact-match,0.0
3871,4.41,exact-match,0.0
3871,4.291,exact-match,0.0
3871,4.405,exact-match,0.0
3871,4.815,exact-match,0.0
3871,4.499,exact-match,0.0
3871,4.745,exact-match,0.0
3871,4.98,exact-match,0.0
3871,4.339,exact-match,0.0
3871,4.198,exact-match,0.0
3871,4.771,exact-match,0.0
3871,4.531,exact-match,0.0
3871,4.401,exact-match,0.0
3871,4.421,exact-match,0.0
3871,4.630,exact-match,0.0
3871,4.611,exact-match,0.0
3871,4.200,exact-match,0.0
3871,4.619,exact-match,0.0
3871,4.433,exact-match,0.0
3871,4.335,exact-match,0.0
3871,4.175,exact-match,0.0
3871,4.772,exact-match,0.0
3871,4.522,exact-match,0.0
3871,4.312,exact-match,0.0
3871,4.99,exact-match,0.0
3871,4.207,exact-match,0.0
3871,4.632,exact-match,0.0
3871,4.9,exact-match,0.0
3871,4.613,exact-match,0.0
3871,4.731,exact-match,0.0
3871,4.407,exact-match,0.0
3871,4.629,exact-match,0.0
3871,4.439,exact-match,0.0
3871,4.170,exact-match,0.0
3871,4.432,exact-match,0.0
3871,4.306,exact-match,0.0
3871,4.400,exact-match,0.0
3871,4.22,exact-match,0.0
3871,4.68,exact-match,0.0
3871,4.536,exact-match,0.0
3871,4.470,exact-match,0.0
3871,4.285,exact-match,0.0
3871,4.321,exact-match,0.0
3871,4.814,exact-match,0.0
3871,4.623,exact-match,0.0
3871,4.684,exact-match,0.0
3871,4.520,exact-match,0.0
3871,4.161,exact-match,0.0
3881,4.226,exact-match,0.0
3881,4.630,exact-match,0.0
3881,4.744,exact-match,0.0
3881,4.98,exact-match,0.0
3881,4.613,exact-match,0.0
3881,4.499,exact-match,0.0
3881,4.438,exact-match,0.0
3881,4.571,exact-match,0.0
3881,4.28,exact-match,0.0
3881,4.339,exact-match,0.0
3881,4.469,exact-match,0.0
3881,4.96,exact-match,0.0
3881,4.764,exact-match,0.0
3881,4.519,exact-match,0.0
3881,4.643,exact-match,0.0
3881,4.557,exact-match,0.0
3881,4.611,exact-match,0.0
3881,4.757,exact-match,0.0
3881,4.170,exact-match,0.0
3881,4.536,exact-match,0.0
3881,4.41,exact-match,0.0
3881,4.405,exact-match,0.0
3881,4.12,exact-match,0.0
3881,4.699,exact-match,0.0
3881,4.752,exact-match,0.0
3881,4.23,exact-match,0.0
3881,4.306,exact-match,0.0
3881,4.99,exact-match,0.0
3881,4.207,exact-match,0.0
3881,4.407,exact-match,0.0
3881,4.632,exact-match,0.0
3881,4.629,exact-match,0.0
3881,4.285,exact-match,0.0
3881,4.22,exact-match,0.0
3881,4.470,exact-match,0.0
3881,4.684,exact-match,0.0
3881,4.68,exact-match,0.0
3881,4.522,exact-match,0.0
3881,4.432,exact-match,0.0
3881,4.623,exact-match,0.0
3881,4.433,exact-match,0.0
3881,4.736,exact-match,0.0
3881,4.815,exact-match,0.0
3881,4.782,exact-match,0.0
3881,4.338,exact-match,0.0
3881,4.687,exact-match,0.0
3881,4.531,exact-match,0.0
3881,4.393,exact-match,0.0
3881,4.437,exact-match,0.0
3881,4.9,exact-match,0.0
3891,4.470,exact-match,0.0
3891,4.629,exact-match,0.0
3891,4.432,exact-match,0.0
3891,4.407,exact-match,0.0
3891,4.536,exact-match,0.0
3891,4.405,exact-match,0.0
3891,4.285,exact-match,0.0
3891,4.426,exact-match,0.0
3891,4.684,exact-match,0.0
3891,4.68,exact-match,0.0
3891,4.619,exact-match,0.0
3891,4.291,exact-match,0.0
3891,4.764,exact-match,0.0
3891,4.41,exact-match,0.0
3891,4.613,exact-match,0.0
3891,4.175,exact-match,0.0
3891,4.53,exact-match,0.0
3891,4.23,exact-match,0.0
3891,4.400,exact-match,0.0
3891,4.814,exact-match,0.0
3891,4.542,exact-match,0.0
3891,4.638,exact-match,0.0
3891,4.226,exact-match,0.0
3891,4.623,exact-match,0.0
3891,4.752,exact-match,0.0
3891,4.22,exact-match,0.0
3891,4.207,exact-match,0.0
3891,4.96,exact-match,0.0
3891,4.499,exact-match,0.0
3891,4.433,exact-match,0.0
3891,4.438,exact-match,0.0
3891,4.571,exact-match,0.0
3891,4.9,exact-match,0.0
3891,4.98,exact-match,0.0
3891,4.306,exact-match,0.0
3891,4.630,exact-match,0.0
3891,4.99,exact-match,0.0
3891,4.12,exact-match,0.0
3891,4.393,exact-match,0.0
3891,4.531,exact-match,0.0
3891,4.815,exact-match,0.0
3891,4.782,exact-match,0.0
3891,4.687,exact-match,0.0
3891,4.736,exact-match,0.0
3891,4.437,exact-match,0.0
3891,4.699,exact-match,0.0
3891,4.632,exact-match,0.0
3891,4.522,exact-match,0.0
3891,4.338,exact-match,0.0
3891,4.611,exact-match,0.0
3901,4.782,exact-match,0.0
3901,4.437,exact-match,0.0
3901,4.68,exact-match,0.0
3901,4.393,exact-match,0.0
3901,4.438,exact-match,0.0
3901,4.22,exact-match,0.0
3901,4.522,exact-match,0.0
3901,4.643,exact-match,0.0
3901,4.41,exact-match,0.0
3901,4.579,exact-match,0.0
3901,4.736,exact-match,0.0
3901,4.142,exact-match,0.0
3901,4.369,exact-match,0.0
3901,4.470,exact-match,0.0
3901,4.350,exact-match,0.0
3901,4.285,exact-match,0.0
3901,4.391,exact-match,0.0
3901,4.432,exact-match,0.0
3901,4.140,exact-match,0.0
3901,4.623,exact-match,0.0
3901,4.136,exact-match,0.0
3901,4.744,exact-match,0.0
3901,4.499,exact-match,0.0
3901,4.687,exact-match,0.0
3901,4.294,exact-match,0.0
3901,4.725,exact-match,0.0
3901,4.12,exact-match,0.0
3901,4.306,exact-match,0.0
3901,4.638,exact-match,0.0
3901,4.9,exact-match,0.0
3901,4.571,exact-match,0.0
3901,4.407,exact-match,0.0
3901,4.641,exact-match,0.0
3901,4.519,exact-match,0.0
3901,4.629,exact-match,0.0
3901,4.684,exact-match,0.0
3901,4.98,exact-match,0.0
3901,4.563,exact-match,0.0
3901,4.99,exact-match,0.0
3901,4.34,exact-match,0.0
3901,4.338,exact-match,0.0
3901,4.630,exact-match,0.0
3901,4.632,exact-match,0.0
3901,4.433,exact-match,0.0
3901,4.815,exact-match,0.0
3901,4.207,exact-match,0.0
3901,4.531,exact-match,0.0
3901,4.181,exact-match,0.0
3901,4.699,exact-match,0.0
3901,4.378,exact-match,0.0
3911,4.400,exact-match,0.0
3911,4.41,exact-match,0.0
3911,4.426,exact-match,0.0
3911,4.536,exact-match,0.0
3911,4.542,exact-match,0.0
3911,4.629,exact-match,0.0
3911,4.407,exact-match,0.0
3911,4.405,exact-match,0.0
3911,4.285,exact-match,0.0
3911,4.814,exact-match,0.0
3911,4.684,exact-match,0.0
3911,4.68,exact-match,0.0
3911,4.619,exact-match,0.0
3911,4.310,exact-match,0.0
3911,4.432,exact-match,0.0
3911,4.53,exact-match,0.0
3911,4.175,exact-match,0.0
3911,4.731,exact-match,0.0
3911,4.623,exact-match,0.0
3911,4.470,exact-match,0.0
3911,4.356,exact-match,0.0
3911,4.613,exact-match,0.0
3911,4.22,exact-match,0.0
3911,4.207,exact-match,0.0
3911,4.254,exact-match,0.0
3911,4.226,exact-match,0.0
3911,4.433,exact-match,0.0
3911,4.98,exact-match,0.0
3911,4.499,exact-match,0.0
3911,4.630,exact-match,0.0
3911,4.438,exact-match,0.0
3911,4.736,exact-match,0.0
3911,4.815,exact-match,0.0
3911,4.782,exact-match,0.0
3911,4.531,exact-match,0.0
3911,4.12,exact-match,0.0
3911,4.687,exact-match,0.0
3911,4.632,exact-match,0.0
3911,4.437,exact-match,0.0
3911,4.9,exact-match,0.0
3911,4.611,exact-match,0.0
3911,4.96,exact-match,0.0
3911,4.338,exact-match,0.0
3911,4.393,exact-match,0.0
3911,4.699,exact-match,0.0
3911,4.571,exact-match,0.0
3911,4.99,exact-match,0.0
3911,4.764,exact-match,0.0
3911,4.306,exact-match,0.0
3911,4.522,exact-match,0.0
3921,4.614,exact-match,0.0
3921,4.554,exact-match,0.0
3921,4.731,exact-match,0.0
3921,4.426,exact-match,0.0
3921,4.714,exact-match,0.0
3921,4.571,exact-match,0.0
3921,4.613,exact-match,0.0
3921,4.619,exact-match,0.0
3921,4.793,exact-match,0.0
3921,4.53,exact-match,0.0
3921,4.291,exact-match,0.0
3921,4.283,exact-match,0.0
3921,4.814,exact-match,0.0
3921,4.308,exact-match,0.0
3921,4.701,exact-match,0.0
3921,4.112,exact-match,0.0
3921,4.685,exact-match,0.0
3921,4.606,exact-match,0.0
3921,4.22,exact-match,0.0
3921,4.23,exact-match,0.0
3921,4.757,exact-match,0.0
3921,4.140,exact-match,0.0
3921,4.223,exact-match,0.0
3921,4.439,exact-match,0.0
3921,4.557,exact-match,0.0
3921,4.9,exact-match,0.0
3921,4.683,exact-match,0.0
3921,4.640,exact-match,0.0
3921,4.90,exact-match,0.0
3921,4.229,exact-match,0.0
3921,4.396,exact-match,0.0
3921,4.715,exact-match,0.0
3921,4.338,exact-match,0.0
3921,4.699,exact-match,0.0
3921,4.744,exact-match,0.0
3921,4.616,exact-match,0.0
3921,4.644,exact-match,0.0
3921,4.393,exact-match,0.0
3921,4.70,exact-match,0.0
3921,4.399,exact-match,0.0
3921,4.536,exact-match,0.0
3921,4.120,exact-match,0.0
3921,4.610,exact-match,0.0
3921,4.475,exact-match,0.0
3921,4.279,exact-match,0.0
3921,4.184,exact-match,0.0
3921,4.387,exact-match,0.0
3921,4.722,exact-match,0.0
3921,4.434,exact-match,0.0
3921,4.321,exact-match,0.0
3931,4.200,exact-match,0.0
3931,4.335,exact-match,0.0
3931,4.435,exact-match,0.0
3931,4.337,exact-match,0.0
3931,4.542,exact-match,0.0
3931,4.432,exact-match,0.0
3931,4.221,exact-match,0.0
3931,4.470,exact-match,0.0
3931,4.396,exact-match,0.0
3931,4.218,exact-match,0.0
3931,4.437,exact-match,0.0
3931,4.752,exact-match,0.0
3931,4.12,exact-match,0.0
3931,4.41,exact-match,0.0
3931,4.643,exact-match,0.0
3931,4.285,exact-match,0.0
3931,4.474,exact-match,0.0
3931,4.68,exact-match,0.0
3931,4.715,exact-match,0.0
3931,4.497,exact-match,0.0
3931,4.623,exact-match,0.0
3931,4.684,exact-match,0.0
3931,4.98,exact-match,0.0
3931,4.22,exact-match,0.0
3931,4.557,exact-match,0.0
3931,4.632,exact-match,0.0
3931,4.571,exact-match,0.0
3931,4.393,exact-match,0.0
3931,4.338,exact-match,0.0
3931,4.699,exact-match,0.0
3931,4.226,exact-match,0.0
3931,4.656,exact-match,0.0
3931,4.445,exact-match,0.0
3931,4.207,exact-match,0.0
3931,4.227,exact-match,0.0
3931,4.53,exact-match,0.0
3931,4.405,exact-match,0.0
3931,4.395,exact-match,0.0
3931,4.140,exact-match,0.0
3931,4.611,exact-match,0.0
3931,4.528,exact-match,0.0
3931,4.721,exact-match,0.0
3931,4.756,exact-match,0.0
3931,4.679,exact-match,0.0
3931,4.297,exact-match,0.0
3931,4.449,exact-match,0.0
3931,4.499,exact-match,0.0
3931,4.99,exact-match,0.0
3931,4.306,exact-match,0.0
3931,4.175,exact-match,0.0
3941,4.623,exact-match,0.0
3941,4.24,exact-match,0.0
3941,4.612,exact-match,0.0
3941,4.789,exact-match,0.0
3941,4.677,exact-match,0.0
3941,4.198,exact-match,0.0
3941,4.772,exact-match,0.0
3941,4.520,exact-match,0.0
3941,4.684,exact-match,0.0
3941,4.312,exact-match,0.0
3941,4.173,exact-match,0.0
3941,4.143,exact-match,0.0
3941,4.731,exact-match,0.0
3941,4.391,exact-match,0.0
3941,4.136,exact-match,0.0
3941,4.142,exact-match,0.0
3941,4.321,exact-match,0.0
3941,4.757,exact-match,0.0
3941,4.352,exact-match,0.0
3941,4.28,exact-match,0.0
3941,4.433,exact-match,0.0
3941,4.207,exact-match,0.0
3941,4.23,exact-match,0.0
3941,4.161,exact-match,0.0
3941,4.531,exact-match,0.0
3941,4.632,exact-match,0.0
3941,4.9,exact-match,0.0
3941,4.400,exact-match,0.0
3941,4.590,exact-match,0.0
3941,4.460,exact-match,0.0
3941,4.769,exact-match,0.0
3941,4.626,exact-match,0.0
3941,4.410,exact-match,0.0
3941,4.186,exact-match,0.0
3941,4.330,exact-match,0.0
3941,4.99,exact-match,0.0
3941,4.68,exact-match,0.0
3941,4.432,exact-match,0.0
3941,4.306,exact-match,0.0
3941,4.47,exact-match,0.0
3941,4.285,exact-match,0.0
3941,4.219,exact-match,0.0
3941,4.598,exact-match,0.0
3941,4.22,exact-match,0.0
3941,4.470,exact-match,0.0
3941,4.170,exact-match,0.0
3941,4.469,exact-match,0.0
3941,4.629,exact-match,0.0
3941,4.407,exact-match,0.0
3941,4.791,exact-match,0.0
3951,4.765,exact-match,0.0
3951,4.401,exact-match,0.0
3951,4.557,exact-match,0.0
3951,4.335,exact-match,0.0
3951,4.218,exact-match,0.0
3951,4.632,exact-match,0.0
3951,4.699,exact-match,0.0
3951,4.207,exact-match,0.0
3951,4.308,exact-match,0.0
3951,4.643,exact-match,0.0
3951,4.499,exact-match,0.0
3951,4.291,exact-match,0.0
3951,4.200,exact-match,0.0
3951,4.41,exact-match,0.0
3951,4.337,exact-match,0.0
3951,4.782,exact-match,0.0
3951,4.159,exact-match,0.0
3951,4.750,exact-match,0.0
3951,4.433,exact-match,0.0
3951,4.170,exact-match,0.0
3951,4.701,exact-match,0.0
3951,4.630,exact-match,0.0
3951,4.393,exact-match,0.0
3951,4.736,exact-match,0.0
3951,4.687,exact-match,0.0
3951,4.571,exact-match,0.0
3951,4.306,exact-match,0.0
3951,4.752,exact-match,0.0
3951,4.9,exact-match,0.0
3951,4.613,exact-match,0.0
3951,4.321,exact-match,0.0
3951,4.536,exact-match,0.0
3951,4.619,exact-match,0.0
3951,4.426,exact-match,0.0
3951,4.53,exact-match,0.0
3951,4.400,exact-match,0.0
3951,4.744,exact-match,0.0
3951,4.731,exact-match,0.0
3951,4.814,exact-match,0.0
3951,4.629,exact-match,0.0
3951,4.439,exact-match,0.0
3951,4.221,exact-match,0.0
3951,4.338,exact-match,0.0
3951,4.352,exact-match,0.0
3951,4.539,exact-match,0.0
3951,4.99,exact-match,0.0
3951,4.175,exact-match,0.0
3951,4.757,exact-match,0.0
3951,4.407,exact-match,0.0
3951,4.590,exact-match,0.0
3961,4.401,exact-match,0.0
3961,4.519,exact-match,0.0
3961,4.181,exact-match,0.0
3961,4.378,exact-match,0.0
3961,4.638,exact-match,0.0
3961,4.338,exact-match,0.0
3961,4.285,exact-match,0.0
3961,4.699,exact-match,0.0
3961,4.814,exact-match,0.0
3961,4.731,exact-match,0.0
3961,4.432,exact-match,0.0
3961,4.613,exact-match,0.0
3961,4.68,exact-match,0.0
3961,4.405,exact-match,0.0
3961,4.579,exact-match,0.0
3961,4.470,exact-match,0.0
3961,4.22,exact-match,0.0
3961,4.439,exact-match,0.0
3961,4.752,exact-match,0.0
3961,4.670,exact-match,0.0
3961,4.641,exact-match,0.0
3961,4.623,exact-match,0.0
3961,4.400,exact-match,0.0
3961,4.571,exact-match,0.0
3961,4.426,exact-match,0.0
3961,4.312,exact-match,0.0
3961,4.536,exact-match,0.0
3961,4.619,exact-match,0.0
3961,4.277,exact-match,0.0
3961,4.219,exact-match,0.0
3961,4.598,exact-match,0.0
3961,4.55,exact-match,0.0
3961,4.642,exact-match,0.0
3961,4.537,exact-match,0.0
3961,4.122,exact-match,0.0
3961,4.306,exact-match,0.0
3961,4.9,exact-match,0.0
3961,4.339,exact-match,0.0
3961,4.407,exact-match,0.0
3961,4.629,exact-match,0.0
3961,4.684,exact-match,0.0
3961,4.632,exact-match,0.0
3961,4.520,exact-match,0.0
3961,4.772,exact-match,0.0
3961,4.161,exact-match,0.0
3961,4.198,exact-match,0.0
3961,4.41,exact-match,0.0
3961,4.207,exact-match,0.0
3961,4.170,exact-match,0.0
3961,4.99,exact-match,0.0
3971,4.285,exact-match,0.0
3971,4.469,exact-match,0.0
3971,4.528,exact-match,0.0
3971,4.23,exact-match,0.0
3971,4.376,exact-match,0.0
3971,4.517,exact-match,0.0
3971,4.432,exact-match,0.0
3971,4.623,exact-match,0.0
3971,4.421,exact-match,0.0
3971,4.170,exact-match,0.0
3971,4.756,exact-match,0.0
3971,4.312,exact-match,0.0
3971,4.537,exact-match,0.0
3971,4.161,exact-match,0.0
3971,4.520,exact-match,0.0
3971,4.198,exact-match,0.0
3971,4.772,exact-match,0.0
3971,4.522,exact-match,0.0
3971,4.395,exact-match,0.0
3971,4.24,exact-match,0.0
3971,4.55,exact-match,0.0
3971,4.122,exact-match,0.0
3971,4.802,exact-match,0.0
3971,4.642,exact-match,0.0
3971,4.45,exact-match,0.0
3971,4.470,exact-match,0.0
3971,4.68,exact-match,0.0
3971,4.433,exact-match,0.0
3971,4.815,exact-match,0.0
3971,4.531,exact-match,0.0
3971,4.356,exact-match,0.0
3971,4.363,exact-match,0.0
3971,4.456,exact-match,0.0
3971,4.317,exact-match,0.0
3971,4.99,exact-match,0.0
3971,4.306,exact-match,0.0
3971,4.632,exact-match,0.0
3971,4.407,exact-match,0.0
3971,4.487,exact-match,0.0
3971,4.207,exact-match,0.0
3971,4.629,exact-match,0.0
3971,4.405,exact-match,0.0
3971,4.22,exact-match,0.0
3971,4.85,exact-match,0.0
3971,4.782,exact-match,0.0
3971,4.736,exact-match,0.0
3971,4.445,exact-match,0.0
3971,4.656,exact-match,0.0
3971,4.684,exact-match,0.0
3971,4.687,exact-match,0.0
3981,4.485,exact-match,0.0
3981,4.619,exact-match,0.0
3981,4.24,exact-match,0.0
3981,4.536,exact-match,0.0
3981,4.120,exact-match,0.0
3981,4.151,exact-match,0.0
3981,4.321,exact-match,0.0
3981,4.771,exact-match,0.0
3981,4.575,exact-match,0.0
3981,4.745,exact-match,0.0
3981,4.579,exact-match,0.0
3981,4.805,exact-match,0.0
3981,4.405,exact-match,0.0
3981,4.699,exact-match,0.0
3981,4.170,exact-match,0.0
3981,4.469,exact-match,0.0
3981,4.616,exact-match,0.0
3981,4.28,exact-match,0.0
3981,4.393,exact-match,0.0
3981,4.23,exact-match,0.0
3981,4.638,exact-match,0.0
3981,4.426,exact-match,0.0
3981,4.381,exact-match,0.0
3981,4.399,exact-match,0.0
3981,4.470,exact-match,0.0
3981,4.644,exact-match,0.0
3981,4.432,exact-match,0.0
3981,4.306,exact-match,0.0
3981,4.99,exact-match,0.0
3981,4.407,exact-match,0.0
3981,4.629,exact-match,0.0
3981,4.9,exact-match,0.0
3981,4.632,exact-match,0.0
3981,4.623,exact-match,0.0
3981,4.41,exact-match,0.0
3981,4.285,exact-match,0.0
3981,4.207,exact-match,0.0
3981,4.339,exact-match,0.0
3981,4.684,exact-match,0.0
3981,4.520,exact-match,0.0
3981,4.772,exact-match,0.0
3981,4.161,exact-match,0.0
3981,4.475,exact-match,0.0
3981,4.68,exact-match,0.0
3981,4.22,exact-match,0.0
3981,4.101,exact-match,0.0
3981,4.312,exact-match,0.0
3981,4.198,exact-match,0.0
3981,4.90,exact-match,0.0
3981,4.127,exact-match,0.0
3991,4.630,exact-match,0.0
3991,4.98,exact-match,0.0
3991,4.522,exact-match,0.0
3991,4.338,exact-match,0.0
3991,4.432,exact-match,0.0
3991,4.699,exact-match,0.0
3991,4.96,exact-match,0.0
3991,4.433,exact-match,0.0
3991,4.393,exact-match,0.0
3991,4.684,exact-match,0.0
3991,4.757,exact-match,0.0
3991,4.12,exact-match,0.0
3991,4.765,exact-match,0.0
3991,4.438,exact-match,0.0
3991,4.815,exact-match,0.0
3991,4.571,exact-match,0.0
3991,4.41,exact-match,0.0
3991,4.814,exact-match,0.0
3991,4.291,exact-match,0.0
3991,4.557,exact-match,0.0
3991,4.539,exact-match,0.0
3991,4.470,exact-match,0.0
3991,4.531,exact-match,0.0
3991,4.405,exact-match,0.0
3991,4.175,exact-match,0.0
3991,4.687,exact-match,0.0
3991,4.335,exact-match,0.0
3991,4.9,exact-match,0.0
3991,4.536,exact-match,0.0
3991,4.99,exact-match,0.0
3991,4.306,exact-match,0.0
3991,4.207,exact-match,0.0
3991,4.632,exact-match,0.0
3991,4.53,exact-match,0.0
3991,4.619,exact-match,0.0
3991,4.285,exact-match,0.0
3991,4.68,exact-match,0.0
3991,4.426,exact-match,0.0
3991,4.736,exact-match,0.0
3991,4.782,exact-match,0.0
3991,4.744,exact-match,0.0
3991,4.613,exact-match,0.0
3991,4.22,exact-match,0.0
3991,4.437,exact-match,0.0
3991,4.629,exact-match,0.0
3991,4.407,exact-match,0.0
3991,4.499,exact-match,0.0
3991,4.623,exact-match,0.0
3991,4.321,exact-match,0.0
3991,4.23,exact-match,0.0
